<!DOCTYPE document PUBLIC
        "-//Apache Software Foundation//DTD XDOC 1.0//EN"
        "http://maven.apache.org/dtd/xdoc_1_0.dtd">
<document>
    <properties>
        <title>Java Pairing-Based Cryptography Library : Introduction</title>
        <author email="adecaro@users.sourceforge.net">Angelo De Caro</author>
    </properties>

    <body>
        <div id="downloadbox">
            <h5>Get JPBC 2.0.0 Now!!!</h5>

            <p>
                <a href="download.html">JPBC 2.0.0</a>
            </p>

            <ul>
                <li>
                    <a href="download.html#requirements">System Requirements</a>
                </li>
                <li>
                    <a href="download.html#usage">JPBC Usage</a>
                </li>
                <li>
                    <a href="license.html">License (LGPL)</a>
                </li>
                <li>
                    <a href="contact.html">Contacts</a>
                </li>
                <li>
                    <a href="faq.html">FAQ</a>
                </li>
            </ul>

            <div>
                <a href="http://sourceforge.net">
                    <img style="border:1px solid black" src="http://sflogo.sourceforge.net/sflogo.php?group_id=178005&amp;type=1" width="88" height="31" alt="SourceForge.net Logo"/>
                </a>

                  <a href="http://maven.apache.org/" title="Maven" >
                    <img style="border:1px solid black" alt="Maven" src="./images/logos/maven-feather.png"/>
                </a>

                <a href="http://crypto.stanford.edu/pbc">
                  <img alt="PBC's" src="http://crypto.stanford.edu/pbc/pbclogo32x32.png"/>
               </a>
            </div>
        </div>

        <section name="Introduction">
            <p>
            The Java Pairing-Based Cryptography Library (JPBC) provides:
            </p>
            <ul>
                <li>
                    <p>
                        A <span class="em">Port</span> of the
                        <a href="http://crypto.stanford.edu/pbc/">Pairing-Based Cryptography Library (PBC)</a>,
                        library developed by <a href="http://crypto.stanford.edu/~blynn/">Ben Lynn</a>,
                        to performs the mathematical operations underlying pairing-based cryptosystems
                        directly in Java.
                    </p>
                </li>
                <li>
                    <p>
                        A <span class="em">Wrapper</span>
                        that enables the delegation of the pairing computation to the
                        <a href="http://crypto.stanford.edu/pbc/">PBC</a> library
                        to gain in performance.
                    </p>
                </li>
                <li>
                    <p>
                        An implementation of <span class="em">Multilinear Maps</span>
                        based on the paper
                        <a name="http://eprint.iacr.org/2013/183.pdf"><span class="em">Practical Multilinear Maps over the Integers</span></a>
                        by <span class="em">Coron, Lepoint, and Tibouchi</span>.
                        The implementation supports multithreading and uses memory mapped files
                        to save in primary memory requirements.
                    </p>
                </li>
            </ul>
        </section>

        <section name="Who Uses JPBC?">
            <p>
            If your project uses the JPBC library and you don’t mind it appearing here please
            <a href="./contact.html">contact</a>
            me.
            </p>
        </section>

        <section name="What is the appropriate way to cite JPBC in an academic context?">
            <p>
                If you use Bibtex for your citations, we recommend that
                you add the following entry in your bibtex database:
            </p>
            <source>@inproceedings{ISCC:DeCIov11,
    author    = {Angelo {De Caro} and Vincenzo Iovino},
    title     = {jPBC: Java pairing based cryptography},
    year      = {2011},
    pages     = {850-855},
    booktitle = {Proceedings of the 16th IEEE Symposium on Computers and Communications, ISCC 2011},
    address   = {Kerkyra, Corfu, Greece, June 28 - July 1}
    publisher = {IEEE},
    url       = {\url{http://jpbc.sourceforge.net/}},
}
            </source>

        </section>


        <section name="Lattice-Based Cryptography">
            <p>
            If you are interested in post-quantum cryptography then
            have a look at
            <a href="http://gas.dia.unisa.it/projects/jlbc/">JLBC - Java Lattice-Based Cryptography</a>.
            </p>
        </section>
    </body>
</document>