<!DOCTYPE document PUBLIC
        "-//Apache Software Foundation//DTD XDOC 1.0//EN"
        "http://maven.apache.org/dtd/xdoc_1_0.dtd">
<document>
    <properties>
        <title>Java Pairing-Based Cryptography Library : Schemes - Functional Encryption for Regular Languages</title>
        <author email="jpbclib@gmail.com">Angelo De Caro</author>
    </properties>

    <body>
        <section name="Attribute-Based Encryption for Circuits from Multilinear Maps">
            <subsection name="Authors">
                Sanjam Garg and Craig Gentry and Shai Halevi and Amit Sahai and Brent Waters
            </subsection>

            <subsection name="Abstract">
                In this work, we provide the first construction of Attribute-Based Encryption (ABE) for
                general circuits. Our construction is based on the existence of multilinear maps. We prove selective
                security of our scheme in the standard model under the natural multilinear generalization of
                the BDDH assumption. Our scheme achieves both Key-Policy and Ciphertext-Policy variants
                of ABE.
                Our scheme and its proof of security directly translate to the recent multilinear map
                framework of Garg, Gentry, and Halevi.
                This paper subsumes the manuscript of Sahai and Waters [SW12].
            </subsection>

            <subsection name="URL">
                <a href="http://eprint.iacr.org/2013/128.pdf">
                    http://eprint.iacr.org/2013/128.pdf
                </a>
            </subsection>
        </section>

        <section name="Usage">
<pre>

<a name="l1"><span class="ln">1    </span></a><span class="s0">package </span><span class="s1">it.unisa.dia.gas.crypto.jpbc.fe.abe.gghsw13;
<a name="l2"><span class="ln">2    </span></a>
<a name="l3"><span class="ln">3    </span></a></span><span class="s0">import </span><span class="s1">it.unisa.dia.gas.crypto.circuit.Circuit;
<a name="l4"><span class="ln">4    </span></a></span><span class="s0">import </span><span class="s1">it.unisa.dia.gas.crypto.circuit.DefaultCircuit;
<a name="l5"><span class="ln">5    </span></a></span><span class="s0">import </span><span class="s1">it.unisa.dia.gas.crypto.jpbc.fe.abe.gghsw13.engines.GGHSW13KEMEngine;
<a name="l6"><span class="ln">6    </span></a></span><span class="s0">import </span><span class="s1">it.unisa.dia.gas.crypto.jpbc.fe.abe.gghsw13.generators.GGHSW13KeyPairGenerator;
<a name="l7"><span class="ln">7    </span></a></span><span class="s0">import </span><span class="s1">it.unisa.dia.gas.crypto.jpbc.fe.abe.gghsw13.generators.GGHSW13ParametersGenerator;
<a name="l8"><span class="ln">8    </span></a></span><span class="s0">import </span><span class="s1">it.unisa.dia.gas.crypto.jpbc.fe.abe.gghsw13.generators.GGHSW13SecretKeyGenerator;
<a name="l9"><span class="ln">9    </span></a></span><span class="s0">import </span><span class="s1">it.unisa.dia.gas.crypto.jpbc.fe.abe.gghsw13.params.*;
<a name="l10"><span class="ln">10   </span></a></span><span class="s0">import </span><span class="s1">it.unisa.dia.gas.crypto.kem.KeyEncapsulationMechanism;
<a name="l11"><span class="ln">11   </span></a></span><span class="s0">import </span><span class="s1">it.unisa.dia.gas.plaf.jpbc.pairing.PairingFactory;
<a name="l12"><span class="ln">12   </span></a></span><span class="s0">import </span><span class="s1">org.bouncycastle.crypto.AsymmetricCipherKeyPair;
<a name="l13"><span class="ln">13   </span></a></span><span class="s0">import </span><span class="s1">org.bouncycastle.crypto.CipherParameters;
<a name="l14"><span class="ln">14   </span></a></span><span class="s0">import </span><span class="s1">org.bouncycastle.crypto.InvalidCipherTextException;
<a name="l15"><span class="ln">15   </span></a>
<a name="l16"><span class="ln">16   </span></a></span><span class="s0">import </span><span class="s1">java.security.SecureRandom;
<a name="l17"><span class="ln">17   </span></a></span><span class="s0">import </span><span class="s1">java.util.Arrays;
<a name="l18"><span class="ln">18   </span></a>
<a name="l19"><span class="ln">19   </span></a></span><span class="s0">import static </span><span class="s1">it.unisa.dia.gas.crypto.circuit.Circuit.Gate.Type.*;
<a name="l20"><span class="ln">20   </span></a></span><span class="s0">import static </span><span class="s1">it.unisa.dia.gas.crypto.circuit.DefaultCircuit.DefaultGate;
<a name="l21"><span class="ln">21   </span></a></span><span class="s0">import static </span><span class="s1">org.junit.Assert.*;
<a name="l22"><span class="ln">22   </span></a>
<a name="l23"><span class="ln">23   </span></a></span><span class="s2">/**
<a name="l24"><span class="ln">24   </span></a> * </span><span class="s3">@author </span><span class="s2">Angelo De Caro (jpbclib@gmail.com)
<a name="l25"><span class="ln">25   </span></a> */</span><span class="s1">
<a name="l26"><span class="ln">26   </span></a></span><span class="s0">public class </span><span class="s1">GGHSW13KEM {
<a name="l27"><span class="ln">27   </span></a>
<a name="l28"><span class="ln">28   </span></a>    </span><span class="s0">public </span><span class="s1">GGHSW13KEM() {
<a name="l29"><span class="ln">29   </span></a>    }
<a name="l30"><span class="ln">30   </span></a>
<a name="l31"><span class="ln">31   </span></a>
<a name="l32"><span class="ln">32   </span></a>    </span><span class="s0">public </span><span class="s1">AsymmetricCipherKeyPair setup(</span><span class="s0">int </span><span class="s1">n) {
<a name="l33"><span class="ln">33   </span></a>        GGHSW13KeyPairGenerator setup = </span><span class="s0">new </span><span class="s1">GGHSW13KeyPairGenerator();
<a name="l34"><span class="ln">34   </span></a>        setup.init(</span><span class="s0">new </span><span class="s1">GGHSW13KeyPairGenerationParameters(
<a name="l35"><span class="ln">35   </span></a>                </span><span class="s0">new </span><span class="s1">SecureRandom(),
<a name="l36"><span class="ln">36   </span></a>                </span><span class="s0">new </span><span class="s1">GGHSW13ParametersGenerator().init(
<a name="l37"><span class="ln">37   </span></a>                        </span><span class="s0">new </span><span class="s1">SecureRandom(),
<a name="l38"><span class="ln">38   </span></a>                        PairingFactory.getPairing(</span><span class="s4">&quot;params/mm/ctl13/toy.properties&quot;</span><span class="s1">),
<a name="l39"><span class="ln">39   </span></a>                        n).generateParameters()
<a name="l40"><span class="ln">40   </span></a>        ));
<a name="l41"><span class="ln">41   </span></a>
<a name="l42"><span class="ln">42   </span></a>        </span><span class="s0">return </span><span class="s1">setup.generateKeyPair();
<a name="l43"><span class="ln">43   </span></a>    }
<a name="l44"><span class="ln">44   </span></a>
<a name="l45"><span class="ln">45   </span></a>    </span><span class="s0">public byte</span><span class="s1">[][] encaps(CipherParameters publicKey, String w) {
<a name="l46"><span class="ln">46   </span></a>        </span><span class="s0">try </span><span class="s1">{
<a name="l47"><span class="ln">47   </span></a>            KeyEncapsulationMechanism kem = </span><span class="s0">new </span><span class="s1">GGHSW13KEMEngine();
<a name="l48"><span class="ln">48   </span></a>            kem.init(</span><span class="s0">true</span><span class="s1">, </span><span class="s0">new </span><span class="s1">GGHSW13EncryptionParameters((GGHSW13PublicKeyParameters) publicKey, w));
<a name="l49"><span class="ln">49   </span></a>
<a name="l50"><span class="ln">50   </span></a>            </span><span class="s0">byte</span><span class="s1">[] ciphertext = kem.process();
<a name="l51"><span class="ln">51   </span></a>
<a name="l52"><span class="ln">52   </span></a>            assertNotNull(ciphertext);
<a name="l53"><span class="ln">53   </span></a>            assertNotSame(</span><span class="s5">0</span><span class="s1">, ciphertext.length);
<a name="l54"><span class="ln">54   </span></a>
<a name="l55"><span class="ln">55   </span></a>            </span><span class="s0">byte</span><span class="s1">[] key = Arrays.copyOfRange(ciphertext, </span><span class="s5">0</span><span class="s1">, kem.getKeyBlockSize());
<a name="l56"><span class="ln">56   </span></a>            </span><span class="s0">byte</span><span class="s1">[] ct = Arrays.copyOfRange(ciphertext, kem.getKeyBlockSize(), ciphertext.length);
<a name="l57"><span class="ln">57   </span></a>
<a name="l58"><span class="ln">58   </span></a>            </span><span class="s0">return new byte</span><span class="s1">[][]{key, ct};
<a name="l59"><span class="ln">59   </span></a>        } </span><span class="s0">catch </span><span class="s1">(InvalidCipherTextException e) {
<a name="l60"><span class="ln">60   </span></a>            e.printStackTrace();
<a name="l61"><span class="ln">61   </span></a>            fail(e.getMessage());
<a name="l62"><span class="ln">62   </span></a>        }
<a name="l63"><span class="ln">63   </span></a>        </span><span class="s0">return null</span><span class="s1">;
<a name="l64"><span class="ln">64   </span></a>    }
<a name="l65"><span class="ln">65   </span></a>
<a name="l66"><span class="ln">66   </span></a>    </span><span class="s0">public </span><span class="s1">CipherParameters keyGen(CipherParameters publicKey, CipherParameters masterSecretKey, Circuit circuit) {
<a name="l67"><span class="ln">67   </span></a>        GGHSW13SecretKeyGenerator keyGen = </span><span class="s0">new </span><span class="s1">GGHSW13SecretKeyGenerator();
<a name="l68"><span class="ln">68   </span></a>        keyGen.init(</span><span class="s0">new </span><span class="s1">GGHSW13SecretKeyGenerationParameters(
<a name="l69"><span class="ln">69   </span></a>                (GGHSW13PublicKeyParameters) publicKey,
<a name="l70"><span class="ln">70   </span></a>                (GGHSW13MasterSecretKeyParameters) masterSecretKey,
<a name="l71"><span class="ln">71   </span></a>                circuit
<a name="l72"><span class="ln">72   </span></a>        ));
<a name="l73"><span class="ln">73   </span></a>
<a name="l74"><span class="ln">74   </span></a>        </span><span class="s0">return </span><span class="s1">keyGen.generateKey();
<a name="l75"><span class="ln">75   </span></a>    }
<a name="l76"><span class="ln">76   </span></a>
<a name="l77"><span class="ln">77   </span></a>    </span><span class="s0">public byte</span><span class="s1">[] decaps(CipherParameters secretKey, </span><span class="s0">byte</span><span class="s1">[] ciphertext) {
<a name="l78"><span class="ln">78   </span></a>        </span><span class="s0">try </span><span class="s1">{
<a name="l79"><span class="ln">79   </span></a>            KeyEncapsulationMechanism kem = </span><span class="s0">new </span><span class="s1">GGHSW13KEMEngine();
<a name="l80"><span class="ln">80   </span></a>
<a name="l81"><span class="ln">81   </span></a>            kem.init(</span><span class="s0">false</span><span class="s1">, secretKey);
<a name="l82"><span class="ln">82   </span></a>            </span><span class="s0">byte</span><span class="s1">[] key = kem.processBlock(ciphertext);
<a name="l83"><span class="ln">83   </span></a>
<a name="l84"><span class="ln">84   </span></a>            assertNotNull(key);
<a name="l85"><span class="ln">85   </span></a>            assertNotSame(</span><span class="s5">0</span><span class="s1">, key.length);
<a name="l86"><span class="ln">86   </span></a>
<a name="l87"><span class="ln">87   </span></a>            </span><span class="s0">return </span><span class="s1">key;
<a name="l88"><span class="ln">88   </span></a>        } </span><span class="s0">catch </span><span class="s1">(InvalidCipherTextException e) {
<a name="l89"><span class="ln">89   </span></a>            e.printStackTrace();
<a name="l90"><span class="ln">90   </span></a>            fail(e.getMessage());
<a name="l91"><span class="ln">91   </span></a>        }
<a name="l92"><span class="ln">92   </span></a>
<a name="l93"><span class="ln">93   </span></a>        </span><span class="s0">return null</span><span class="s1">;
<a name="l94"><span class="ln">94   </span></a>    }
<a name="l95"><span class="ln">95   </span></a>
<a name="l96"><span class="ln">96   </span></a>
<a name="l97"><span class="ln">97   </span></a>    </span><span class="s0">public static void </span><span class="s1">main(String[] args) {
<a name="l98"><span class="ln">98   </span></a>        </span><span class="s0">int </span><span class="s1">n = </span><span class="s5">4</span><span class="s1">;
<a name="l99"><span class="ln">99   </span></a>        </span><span class="s0">int </span><span class="s1">q = </span><span class="s5">3</span><span class="s1">;
<a name="l100"><span class="ln">100  </span></a>        Circuit circuit = </span><span class="s0">new </span><span class="s1">DefaultCircuit(n, q, </span><span class="s5">3</span><span class="s1">, </span><span class="s0">new </span><span class="s1">DefaultGate[]{
<a name="l101"><span class="ln">101  </span></a>                </span><span class="s0">new </span><span class="s1">DefaultGate(INPUT, </span><span class="s5">0</span><span class="s1">, </span><span class="s5">1</span><span class="s1">),
<a name="l102"><span class="ln">102  </span></a>                </span><span class="s0">new </span><span class="s1">DefaultGate(INPUT, </span><span class="s5">1</span><span class="s1">, </span><span class="s5">1</span><span class="s1">),
<a name="l103"><span class="ln">103  </span></a>                </span><span class="s0">new </span><span class="s1">DefaultGate(INPUT, </span><span class="s5">2</span><span class="s1">, </span><span class="s5">1</span><span class="s1">),
<a name="l104"><span class="ln">104  </span></a>                </span><span class="s0">new </span><span class="s1">DefaultGate(INPUT, </span><span class="s5">3</span><span class="s1">, </span><span class="s5">1</span><span class="s1">),
<a name="l105"><span class="ln">105  </span></a>
<a name="l106"><span class="ln">106  </span></a>                </span><span class="s0">new </span><span class="s1">DefaultGate(AND, </span><span class="s5">4</span><span class="s1">, </span><span class="s5">2</span><span class="s1">, </span><span class="s0">new int</span><span class="s1">[]{</span><span class="s5">0</span><span class="s1">, </span><span class="s5">1</span><span class="s1">}),
<a name="l107"><span class="ln">107  </span></a>                </span><span class="s0">new </span><span class="s1">DefaultGate(OR, </span><span class="s5">5</span><span class="s1">, </span><span class="s5">2</span><span class="s1">, </span><span class="s0">new int</span><span class="s1">[]{</span><span class="s5">2</span><span class="s1">, </span><span class="s5">3</span><span class="s1">}),
<a name="l108"><span class="ln">108  </span></a>
<a name="l109"><span class="ln">109  </span></a>                </span><span class="s0">new </span><span class="s1">DefaultGate(AND, </span><span class="s5">6</span><span class="s1">, </span><span class="s5">3</span><span class="s1">, </span><span class="s0">new int</span><span class="s1">[]{</span><span class="s5">4</span><span class="s1">, </span><span class="s5">5</span><span class="s1">}),
<a name="l110"><span class="ln">110  </span></a>        });
<a name="l111"><span class="ln">111  </span></a>
<a name="l112"><span class="ln">112  </span></a>        GGHSW13KEM kem = </span><span class="s0">new </span><span class="s1">GGHSW13KEM();
<a name="l113"><span class="ln">113  </span></a>
<a name="l114"><span class="ln">114  </span></a>        </span><span class="s2">// Setup</span><span class="s1">
<a name="l115"><span class="ln">115  </span></a>        AsymmetricCipherKeyPair keyPair = kem.setup(n);
<a name="l116"><span class="ln">116  </span></a>
<a name="l117"><span class="ln">117  </span></a>        </span><span class="s2">// Keygen</span><span class="s1">
<a name="l118"><span class="ln">118  </span></a>        CipherParameters secretKey = kem.keyGen(keyPair.getPublic(), keyPair.getPrivate(), circuit);
<a name="l119"><span class="ln">119  </span></a>
<a name="l120"><span class="ln">120  </span></a>        </span><span class="s2">// Encaps/Decaps for satisfying assignment</span><span class="s1">
<a name="l121"><span class="ln">121  </span></a>        String assignment = </span><span class="s4">&quot;1101&quot;</span><span class="s1">;
<a name="l122"><span class="ln">122  </span></a>        </span><span class="s0">byte</span><span class="s1">[][] ct = kem.encaps(keyPair.getPublic(), assignment);
<a name="l123"><span class="ln">123  </span></a>        assertEquals(</span><span class="s0">true</span><span class="s1">, Arrays.equals(ct[</span><span class="s5">0</span><span class="s1">], kem.decaps(secretKey, ct[</span><span class="s5">1</span><span class="s1">])));
<a name="l124"><span class="ln">124  </span></a>
<a name="l125"><span class="ln">125  </span></a>        </span><span class="s2">// Encaps/Decaps for not-satisfying assignment</span><span class="s1">
<a name="l126"><span class="ln">126  </span></a>        assignment = </span><span class="s4">&quot;1001&quot;</span><span class="s1">;
<a name="l127"><span class="ln">127  </span></a>        ct = kem.encaps(keyPair.getPublic(), assignment);
<a name="l128"><span class="ln">128  </span></a>        assertEquals(</span><span class="s0">false</span><span class="s1">, Arrays.equals(ct[</span><span class="s5">0</span><span class="s1">], kem.decaps(secretKey, ct[</span><span class="s5">1</span><span class="s1">])));
<a name="l129"><span class="ln">129  </span></a>    }
<a name="l130"><span class="ln">130  </span></a>
<a name="l131"><span class="ln">131  </span></a>}</span></pre>
        </section>

    </body>
</document>
