<!DOCTYPE document PUBLIC
        "-//Apache Software Foundation//DTD XDOC 1.0//EN"
        "http://maven.apache.org/dtd/xdoc_1_0.dtd">
<document>
    <properties>
        <title>Java Pairing-Based Cryptography Library : Schemes - Fully Secure Anonymous HIBE and Secret-Key Anonymous IBE with Short Ciphertexts</title>
        <author email="jpbclib@gmail.com">Angelo De Caro</author>
    </properties>

    <body>
        <section name="Fully Secure Anonymous HIBE and Secret-Key Anonymous IBE with Short Ciphertexts">
            <subsection name="Authors">
                A. De Caro and V. Iovino and G. Persiano
            </subsection>

            <subsection name="Abstract">
                Lewko and Waters [Eurocrypt 2010] presented a fully secure HIBE
                with short ciphertexts.  In this paper we show how to modify
                their construction to achieve anonymity.
                We prove the security of our scheme under static (and generically secure)
                assumptions formulated in composite order bilinear groups.

                In addition, we present a
                fully secure Anonymous IBE in the secret-key setting.
                Secret-Key Anonymous IBE was implied by the work of
                [Shen-Shi-Waters - TCC 2009] which can be shown secure
                in the selective-id model.
                No previous fully secure construction of secret-key Anonymous IBE is known.
            </subsection>

            <subsection name="URL">
                <a href="http://eprint.iacr.org/2010/197.pdf">
                    http://eprint.iacr.org/2010/197.pdf
                </a>
            </subsection>
        </section>

        <section name="Usage">
<pre>

<a name="l1"><span class="ln">1    </span></a><span class="s0">package </span><span class="s1">it.unisa.dia.gas.crypto.jpbc.fe.ibe.dip10;
<a name="l2"><span class="ln">2    </span></a>
<a name="l3"><span class="ln">3    </span></a></span><span class="s0">import </span><span class="s1">it.unisa.dia.gas.crypto.jpbc.fe.ibe.dip10.engines.AHIBEDIP10KEMEngine;
<a name="l4"><span class="ln">4    </span></a></span><span class="s0">import </span><span class="s1">it.unisa.dia.gas.crypto.jpbc.fe.ibe.dip10.generators.AHIBEDIP10KeyPairGenerator;
<a name="l5"><span class="ln">5    </span></a></span><span class="s0">import </span><span class="s1">it.unisa.dia.gas.crypto.jpbc.fe.ibe.dip10.generators.AHIBEDIP10SecretKeyGenerator;
<a name="l6"><span class="ln">6    </span></a></span><span class="s0">import </span><span class="s1">it.unisa.dia.gas.crypto.jpbc.fe.ibe.dip10.params.*;
<a name="l7"><span class="ln">7    </span></a></span><span class="s0">import </span><span class="s1">it.unisa.dia.gas.crypto.kem.KeyEncapsulationMechanism;
<a name="l8"><span class="ln">8    </span></a></span><span class="s0">import </span><span class="s1">it.unisa.dia.gas.jpbc.Element;
<a name="l9"><span class="ln">9    </span></a></span><span class="s0">import </span><span class="s1">it.unisa.dia.gas.jpbc.Pairing;
<a name="l10"><span class="ln">10   </span></a></span><span class="s0">import </span><span class="s1">it.unisa.dia.gas.plaf.jpbc.pairing.PairingFactory;
<a name="l11"><span class="ln">11   </span></a></span><span class="s0">import </span><span class="s1">org.bouncycastle.crypto.AsymmetricCipherKeyPair;
<a name="l12"><span class="ln">12   </span></a></span><span class="s0">import </span><span class="s1">org.bouncycastle.crypto.CipherParameters;
<a name="l13"><span class="ln">13   </span></a></span><span class="s0">import </span><span class="s1">org.bouncycastle.crypto.InvalidCipherTextException;
<a name="l14"><span class="ln">14   </span></a>
<a name="l15"><span class="ln">15   </span></a></span><span class="s0">import </span><span class="s1">java.util.Arrays;
<a name="l16"><span class="ln">16   </span></a>
<a name="l17"><span class="ln">17   </span></a></span><span class="s0">import static </span><span class="s1">org.junit.Assert.*;
<a name="l18"><span class="ln">18   </span></a>
<a name="l19"><span class="ln">19   </span></a>
<a name="l20"><span class="ln">20   </span></a></span><span class="s2">/**
<a name="l21"><span class="ln">21   </span></a> * </span><span class="s3">@author </span><span class="s2">Angelo De Caro (jpbclib@gmail.com)
<a name="l22"><span class="ln">22   </span></a> */</span><span class="s1">
<a name="l23"><span class="ln">23   </span></a></span><span class="s0">public class </span><span class="s1">AHIBEDIP10 {
<a name="l24"><span class="ln">24   </span></a>
<a name="l25"><span class="ln">25   </span></a>
<a name="l26"><span class="ln">26   </span></a>    </span><span class="s0">public </span><span class="s1">AHIBEDIP10() {
<a name="l27"><span class="ln">27   </span></a>    }
<a name="l28"><span class="ln">28   </span></a>
<a name="l29"><span class="ln">29   </span></a>
<a name="l30"><span class="ln">30   </span></a>    </span><span class="s0">public </span><span class="s1">AsymmetricCipherKeyPair setup(</span><span class="s0">int </span><span class="s1">bitLength, </span><span class="s0">int </span><span class="s1">length) {
<a name="l31"><span class="ln">31   </span></a>        AHIBEDIP10KeyPairGenerator setup = </span><span class="s0">new </span><span class="s1">AHIBEDIP10KeyPairGenerator();
<a name="l32"><span class="ln">32   </span></a>        setup.init(</span><span class="s0">new </span><span class="s1">AHIBEDIP10KeyPairGenerationParameters(bitLength, length));
<a name="l33"><span class="ln">33   </span></a>
<a name="l34"><span class="ln">34   </span></a>        </span><span class="s0">return </span><span class="s1">setup.generateKeyPair();
<a name="l35"><span class="ln">35   </span></a>    }
<a name="l36"><span class="ln">36   </span></a>
<a name="l37"><span class="ln">37   </span></a>    </span><span class="s0">public </span><span class="s1">Element[] map(CipherParameters publicKey, String... ids) {
<a name="l38"><span class="ln">38   </span></a>        Pairing pairing = PairingFactory.getPairing(((AHIBEDIP10PublicKeyParameters) publicKey).getParameters());
<a name="l39"><span class="ln">39   </span></a>
<a name="l40"><span class="ln">40   </span></a>        Element[] elements = </span><span class="s0">new </span><span class="s1">Element[ids.length];
<a name="l41"><span class="ln">41   </span></a>        </span><span class="s0">for </span><span class="s1">(</span><span class="s0">int </span><span class="s1">i = </span><span class="s4">0</span><span class="s1">; i &lt; elements.length; i++) {
<a name="l42"><span class="ln">42   </span></a>            </span><span class="s0">byte</span><span class="s1">[] id = ids[i].getBytes();
<a name="l43"><span class="ln">43   </span></a>            elements[i] = pairing.getZr().newElementFromHash(id, </span><span class="s4">0</span><span class="s1">, id.length);
<a name="l44"><span class="ln">44   </span></a>        }
<a name="l45"><span class="ln">45   </span></a>        </span><span class="s0">return </span><span class="s1">elements;
<a name="l46"><span class="ln">46   </span></a>    }
<a name="l47"><span class="ln">47   </span></a>
<a name="l48"><span class="ln">48   </span></a>
<a name="l49"><span class="ln">49   </span></a>    </span><span class="s0">public </span><span class="s1">CipherParameters keyGen(AsymmetricCipherKeyPair masterKey, Element... ids) {
<a name="l50"><span class="ln">50   </span></a>        AHIBEDIP10SecretKeyGenerator generator = </span><span class="s0">new </span><span class="s1">AHIBEDIP10SecretKeyGenerator();
<a name="l51"><span class="ln">51   </span></a>        generator.init(</span><span class="s0">new </span><span class="s1">AHIBEDIP10SecretKeyGenerationParameters(
<a name="l52"><span class="ln">52   </span></a>                (AHIBEDIP10MasterSecretKeyParameters) masterKey.getPrivate(),
<a name="l53"><span class="ln">53   </span></a>                (AHIBEDIP10PublicKeyParameters) masterKey.getPublic(),
<a name="l54"><span class="ln">54   </span></a>                ids
<a name="l55"><span class="ln">55   </span></a>        ));
<a name="l56"><span class="ln">56   </span></a>
<a name="l57"><span class="ln">57   </span></a>        </span><span class="s0">return </span><span class="s1">generator.generateKey();
<a name="l58"><span class="ln">58   </span></a>    }
<a name="l59"><span class="ln">59   </span></a>
<a name="l60"><span class="ln">60   </span></a>    </span><span class="s0">public </span><span class="s1">CipherParameters delegate(AsymmetricCipherKeyPair masterKey, CipherParameters secretKey, Element id) {
<a name="l61"><span class="ln">61   </span></a>        AHIBEDIP10SecretKeyGenerator generator = </span><span class="s0">new </span><span class="s1">AHIBEDIP10SecretKeyGenerator();
<a name="l62"><span class="ln">62   </span></a>        generator.init(</span><span class="s0">new </span><span class="s1">AHIBEDIP10DelegateGenerationParameters(
<a name="l63"><span class="ln">63   </span></a>                (AHIBEDIP10PublicKeyParameters) masterKey.getPublic(),
<a name="l64"><span class="ln">64   </span></a>                (AHIBEDIP10SecretKeyParameters) secretKey,
<a name="l65"><span class="ln">65   </span></a>                id
<a name="l66"><span class="ln">66   </span></a>        ));
<a name="l67"><span class="ln">67   </span></a>
<a name="l68"><span class="ln">68   </span></a>        </span><span class="s0">return </span><span class="s1">generator.generateKey();
<a name="l69"><span class="ln">69   </span></a>    }
<a name="l70"><span class="ln">70   </span></a>
<a name="l71"><span class="ln">71   </span></a>    </span><span class="s0">public byte</span><span class="s1">[][] encaps(CipherParameters publicKey, Element... ids) {
<a name="l72"><span class="ln">72   </span></a>        </span><span class="s0">try </span><span class="s1">{
<a name="l73"><span class="ln">73   </span></a>            KeyEncapsulationMechanism kem = </span><span class="s0">new </span><span class="s1">AHIBEDIP10KEMEngine();
<a name="l74"><span class="ln">74   </span></a>            kem.init(</span><span class="s0">true</span><span class="s1">, </span><span class="s0">new </span><span class="s1">AHIBEDIP10EncryptionParameters((AHIBEDIP10PublicKeyParameters) publicKey, ids));
<a name="l75"><span class="ln">75   </span></a>
<a name="l76"><span class="ln">76   </span></a>            </span><span class="s0">byte</span><span class="s1">[] ciphertext = kem.process();
<a name="l77"><span class="ln">77   </span></a>
<a name="l78"><span class="ln">78   </span></a>            assertNotNull(ciphertext);
<a name="l79"><span class="ln">79   </span></a>            assertNotSame(</span><span class="s4">0</span><span class="s1">, ciphertext.length);
<a name="l80"><span class="ln">80   </span></a>
<a name="l81"><span class="ln">81   </span></a>            </span><span class="s0">byte</span><span class="s1">[] key = Arrays.copyOfRange(ciphertext, </span><span class="s4">0</span><span class="s1">, kem.getKeyBlockSize());
<a name="l82"><span class="ln">82   </span></a>            </span><span class="s0">byte</span><span class="s1">[] ct = Arrays.copyOfRange(ciphertext, kem.getKeyBlockSize(), ciphertext.length);
<a name="l83"><span class="ln">83   </span></a>
<a name="l84"><span class="ln">84   </span></a>            </span><span class="s0">return new byte</span><span class="s1">[][]{key, ct};
<a name="l85"><span class="ln">85   </span></a>        } </span><span class="s0">catch </span><span class="s1">(InvalidCipherTextException e) {
<a name="l86"><span class="ln">86   </span></a>            e.printStackTrace();
<a name="l87"><span class="ln">87   </span></a>            fail(e.getMessage());
<a name="l88"><span class="ln">88   </span></a>        }
<a name="l89"><span class="ln">89   </span></a>        </span><span class="s0">return null</span><span class="s1">;
<a name="l90"><span class="ln">90   </span></a>    }
<a name="l91"><span class="ln">91   </span></a>
<a name="l92"><span class="ln">92   </span></a>    </span><span class="s0">public byte</span><span class="s1">[] decaps(CipherParameters secretKey, </span><span class="s0">byte</span><span class="s1">[] cipherText) {
<a name="l93"><span class="ln">93   </span></a>        </span><span class="s0">try </span><span class="s1">{
<a name="l94"><span class="ln">94   </span></a>            KeyEncapsulationMechanism kem = </span><span class="s0">new </span><span class="s1">AHIBEDIP10KEMEngine();
<a name="l95"><span class="ln">95   </span></a>
<a name="l96"><span class="ln">96   </span></a>            kem.init(</span><span class="s0">false</span><span class="s1">, secretKey);
<a name="l97"><span class="ln">97   </span></a>            </span><span class="s0">byte</span><span class="s1">[] key = kem.processBlock(cipherText);
<a name="l98"><span class="ln">98   </span></a>
<a name="l99"><span class="ln">99   </span></a>            assertNotNull(key);
<a name="l100"><span class="ln">100  </span></a>            assertNotSame(</span><span class="s4">0</span><span class="s1">, key.length);
<a name="l101"><span class="ln">101  </span></a>
<a name="l102"><span class="ln">102  </span></a>            </span><span class="s0">return </span><span class="s1">key;
<a name="l103"><span class="ln">103  </span></a>        } </span><span class="s0">catch </span><span class="s1">(InvalidCipherTextException e) {
<a name="l104"><span class="ln">104  </span></a>            e.printStackTrace();
<a name="l105"><span class="ln">105  </span></a>            fail(e.getMessage());
<a name="l106"><span class="ln">106  </span></a>        }
<a name="l107"><span class="ln">107  </span></a>
<a name="l108"><span class="ln">108  </span></a>        </span><span class="s0">return null</span><span class="s1">;
<a name="l109"><span class="ln">109  </span></a>    }
<a name="l110"><span class="ln">110  </span></a>
<a name="l111"><span class="ln">111  </span></a>
<a name="l112"><span class="ln">112  </span></a>    </span><span class="s0">public static void </span><span class="s1">main(String[] args) {
<a name="l113"><span class="ln">113  </span></a>        AHIBEDIP10 engine = </span><span class="s0">new </span><span class="s1">AHIBEDIP10();
<a name="l114"><span class="ln">114  </span></a>
<a name="l115"><span class="ln">115  </span></a>        </span><span class="s2">// Setup</span><span class="s1">
<a name="l116"><span class="ln">116  </span></a>        AsymmetricCipherKeyPair keyPair = engine.setup(</span><span class="s4">64</span><span class="s1">, </span><span class="s4">3</span><span class="s1">);
<a name="l117"><span class="ln">117  </span></a>
<a name="l118"><span class="ln">118  </span></a>        </span><span class="s2">// KeyGen</span><span class="s1">
<a name="l119"><span class="ln">119  </span></a>        Element[] ids = engine.map(keyPair.getPublic(), </span><span class="s5">&quot;angelo&quot;</span><span class="s1">, </span><span class="s5">&quot;de caro&quot;</span><span class="s1">, </span><span class="s5">&quot;unisa&quot;</span><span class="s1">);
<a name="l120"><span class="ln">120  </span></a>
<a name="l121"><span class="ln">121  </span></a>        CipherParameters sk0 = engine.keyGen(keyPair, ids[</span><span class="s4">0</span><span class="s1">]);
<a name="l122"><span class="ln">122  </span></a>        CipherParameters sk01 = engine.keyGen(keyPair, ids[</span><span class="s4">0</span><span class="s1">], ids[</span><span class="s4">1</span><span class="s1">]);
<a name="l123"><span class="ln">123  </span></a>        CipherParameters sk012 = engine.keyGen(keyPair, ids[</span><span class="s4">0</span><span class="s1">], ids[</span><span class="s4">1</span><span class="s1">], ids[</span><span class="s4">2</span><span class="s1">]);
<a name="l124"><span class="ln">124  </span></a>
<a name="l125"><span class="ln">125  </span></a>        CipherParameters sk1 = engine.keyGen(keyPair, ids[</span><span class="s4">1</span><span class="s1">]);
<a name="l126"><span class="ln">126  </span></a>        CipherParameters sk10 = engine.keyGen(keyPair, ids[</span><span class="s4">1</span><span class="s1">], ids[</span><span class="s4">0</span><span class="s1">]);
<a name="l127"><span class="ln">127  </span></a>        CipherParameters sk021 = engine.keyGen(keyPair, ids[</span><span class="s4">0</span><span class="s1">], ids[</span><span class="s4">2</span><span class="s1">], ids[</span><span class="s4">1</span><span class="s1">]);
<a name="l128"><span class="ln">128  </span></a>
<a name="l129"><span class="ln">129  </span></a>        </span><span class="s2">// Encryption/Decryption</span><span class="s1">
<a name="l130"><span class="ln">130  </span></a>        </span><span class="s0">byte</span><span class="s1">[][] ciphertext0 = engine.encaps(keyPair.getPublic(), ids[</span><span class="s4">0</span><span class="s1">]);
<a name="l131"><span class="ln">131  </span></a>        </span><span class="s0">byte</span><span class="s1">[][] ciphertext01 = engine.encaps(keyPair.getPublic(), ids[</span><span class="s4">0</span><span class="s1">], ids[</span><span class="s4">1</span><span class="s1">]);
<a name="l132"><span class="ln">132  </span></a>        </span><span class="s0">byte</span><span class="s1">[][] ciphertext012 = engine.encaps(keyPair.getPublic(), ids[</span><span class="s4">0</span><span class="s1">], ids[</span><span class="s4">1</span><span class="s1">], ids[</span><span class="s4">2</span><span class="s1">]);
<a name="l133"><span class="ln">133  </span></a>
<a name="l134"><span class="ln">134  </span></a>        </span><span class="s2">// Decrypt</span><span class="s1">
<a name="l135"><span class="ln">135  </span></a>        assertEquals(</span><span class="s0">true</span><span class="s1">, Arrays.equals(ciphertext0[</span><span class="s4">0</span><span class="s1">], engine.decaps(sk0, ciphertext0[</span><span class="s4">1</span><span class="s1">])));
<a name="l136"><span class="ln">136  </span></a>        assertEquals(</span><span class="s0">true</span><span class="s1">, Arrays.equals(ciphertext01[</span><span class="s4">0</span><span class="s1">], engine.decaps(sk01, ciphertext01[</span><span class="s4">1</span><span class="s1">])));
<a name="l137"><span class="ln">137  </span></a>        assertEquals(</span><span class="s0">true</span><span class="s1">, Arrays.equals(ciphertext012[</span><span class="s4">0</span><span class="s1">], engine.decaps(sk012, ciphertext012[</span><span class="s4">1</span><span class="s1">])));
<a name="l138"><span class="ln">138  </span></a>
<a name="l139"><span class="ln">139  </span></a>        assertEquals(</span><span class="s0">false</span><span class="s1">, Arrays.equals(ciphertext0[</span><span class="s4">0</span><span class="s1">], engine.decaps(sk1, ciphertext0[</span><span class="s4">1</span><span class="s1">])));
<a name="l140"><span class="ln">140  </span></a>        assertEquals(</span><span class="s0">false</span><span class="s1">, Arrays.equals(ciphertext01[</span><span class="s4">0</span><span class="s1">], engine.decaps(sk10, ciphertext01[</span><span class="s4">1</span><span class="s1">])));
<a name="l141"><span class="ln">141  </span></a>        assertEquals(</span><span class="s0">false</span><span class="s1">, Arrays.equals(ciphertext012[</span><span class="s4">0</span><span class="s1">], engine.decaps(sk021, ciphertext012[</span><span class="s4">1</span><span class="s1">])));
<a name="l142"><span class="ln">142  </span></a>
<a name="l143"><span class="ln">143  </span></a>        </span><span class="s2">// Delegate/Decrypt</span><span class="s1">
<a name="l144"><span class="ln">144  </span></a>        assertEquals(</span><span class="s0">true</span><span class="s1">, Arrays.equals(ciphertext01[</span><span class="s4">0</span><span class="s1">], engine.decaps(engine.delegate(keyPair, sk0, ids[</span><span class="s4">1</span><span class="s1">]), ciphertext01[</span><span class="s4">1</span><span class="s1">])));
<a name="l145"><span class="ln">145  </span></a>        assertEquals(</span><span class="s0">true</span><span class="s1">, Arrays.equals(ciphertext012[</span><span class="s4">0</span><span class="s1">], engine.decaps(engine.delegate(keyPair, sk01, ids[</span><span class="s4">2</span><span class="s1">]), ciphertext012[</span><span class="s4">1</span><span class="s1">])));
<a name="l146"><span class="ln">146  </span></a>        assertEquals(</span><span class="s0">true</span><span class="s1">, Arrays.equals(ciphertext012[</span><span class="s4">0</span><span class="s1">], engine.decaps(engine.delegate(keyPair, engine.delegate(keyPair, sk0, ids[</span><span class="s4">1</span><span class="s1">]), ids[</span><span class="s4">2</span><span class="s1">]), ciphertext012[</span><span class="s4">1</span><span class="s1">])));
<a name="l147"><span class="ln">147  </span></a>
<a name="l148"><span class="ln">148  </span></a>        assertEquals(</span><span class="s0">false</span><span class="s1">, Arrays.equals(ciphertext01[</span><span class="s4">0</span><span class="s1">], engine.decaps(engine.delegate(keyPair, sk0, ids[</span><span class="s4">0</span><span class="s1">]), ciphertext01[</span><span class="s4">1</span><span class="s1">])));
<a name="l149"><span class="ln">149  </span></a>        assertEquals(</span><span class="s0">false</span><span class="s1">, Arrays.equals(ciphertext012[</span><span class="s4">0</span><span class="s1">], engine.decaps(engine.delegate(keyPair, sk01, ids[</span><span class="s4">1</span><span class="s1">]), ciphertext012[</span><span class="s4">1</span><span class="s1">])));
<a name="l150"><span class="ln">150  </span></a>        assertEquals(</span><span class="s0">false</span><span class="s1">, Arrays.equals(ciphertext012[</span><span class="s4">0</span><span class="s1">], engine.decaps(engine.delegate(keyPair, engine.delegate(keyPair, sk0, ids[</span><span class="s4">2</span><span class="s1">]), ids[</span><span class="s4">1</span><span class="s1">]), ciphertext012[</span><span class="s4">1</span><span class="s1">])));
<a name="l151"><span class="ln">151  </span></a>    }
<a name="l152"><span class="ln">152  </span></a>
<a name="l153"><span class="ln">153  </span></a>
<a name="l154"><span class="ln">154  </span></a>}</span></pre>
</section>

    </body>
</document>
