<assembly>
    <id>site</id>
    <formats>
        <format>dir</format>
    </formats>
    
    <includeBaseDirectory>false</includeBaseDirectory>

    <fileSets>
        <fileSet>
            <directory>target/site</directory>
            <outputDirectory>site</outputDirectory>
            <includes/>
        </fileSet>

        <fileSet>
            <directory>jpbc-api/target/site/apidocs</directory>
            <outputDirectory>site/java-docs/api</outputDirectory>
            <includes/>
        </fileSet>
    </fileSets>

    <files>
        <file>
            <source>jpbc-android/target/jpbc-android.apk</source>
            <outputDirectory>./site/android/</outputDirectory>
        </file>
    </files>
</assembly>
