<!DOCTYPE document PUBLIC
        "-//Apache Software Foundation//DTD XDOC 1.0//EN"
        "http://maven.apache.org/dtd/xdoc_1_0.dtd">
<document>
    <properties>
        <title>Java Pairing-Based Cryptography Library : Docs - Curve Generators</title>
        <author email="jpbclib@gmail.com">Angelo De Caro</author>
    </properties>

    <body>
        <section name="Pairing Parameters Generators">
            <p>
                JPBC provides a set of interfaces and classes
                to generate and manage the parameters that describe a pairing setting.
                The
                <a href="../java-docs/api/it/unisa/dia/gas/jpbc/PairingParametersGenerator.html">
                    <code>PairingParametersGenerator</code>
                </a>
                interface is the starting point. Once an instance of such
                interface has been created, the relative pairing parameters
                can be generated by invoking the <code>generate</code>
                method as follow.
            </p>

                <source>import it.unisa.dia.gas.jpbc.PairingParametersGenerator;
import it.unisa.dia.gas.jpbc.PairingParameters;

// Initialize the pairing parameters generator.
ParametersGenerator parametersGenerator = ...

// Then, generate the parameters by invoking the generate method.
PairingParameters params = parametersGenerator.generate();
                </source>

            <p>
                The <code>generate</code> method returns an instance of the
                <code><a href="../java-docs/api/it/unisa/dia/gas/jpbc/PairingParameters.html">PairingParameters</a></code>
                interface that maps the pairing parameters to specific values that can be accessed
                by calling specialized methods.
                Moreover, the
                <code><a href="../java-docs/api/it/unisa/dia/gas/jpbc/PairingParameters.html">PairingParameters</a></code>
                interface provides a
                customized
                <code>toString</code>
                method that returns a string representation of the parameters
                that can be saved in a file to be loaded later.
                <br/>
                <br/>
                Once the parameters are generated, an instance of
                <code><a href="../java-docs/api/it/unisa/dia/gas/jpbc/Pairing.html">Pairing</a></code>
                interface can be obtained as shown
                <a href="./pairing.html#initializing">here</a>.
            </p>

            <p>
                JPBC provides pairing parameters generators for
                <a href="./ecpg.html#initializing">bilinear</a> (based on elliptic curves) and
                <a href="./mmpg.html#initializing">multilinear</a> maps.
                <br/>
                Pregenerated parameters can be found in the <code>params</code>
                folder of the
                <a href="../download.html">distro package</a>.
            </p>
        </section>
    </body>

</document>
